Workbook

Sheet DASHBOARD
A1: DASHBOARD PERBANDINGAN ARIMA & FTS LEE
A3: *Klik Tombol Untuk Bepindah Halaman
A4: METODE ARIMA | D4: METODE ARIMA
A5: DATA PENJUALAN | D5: DATA FTS
A6: PLOT DATA | D6: UOD
A7: UJI STASIONER | D7: INTERVAL
A8: ACF & PACF | D8: FUZZIFIKASI
A9: MODEL ARIMA | D9: FLR
A10: FORECAST ARIMA | D10: FLRG
A11: EVALUASI ARIMA | D11: DEFUZZIFIKASI
D12: FORECAST FTS

Sheet DATA
A1: PERIODE | B1: PENJUALAN
A2: Jan-2021 | B2: 11
A3: Feb-2021 | B3: 13
A4: Mar-2021 | B4: 12
A5: Apr-2021 | B5: 15
A6: May-2021 | B6: 14
A7: Jun-2021 | B7: 16
A8: Jul-2021 | B8: 18
A9: Aug-2021 | B9: 17
A10: Sep-2021 | B10: 19
A11: Oct-2021 | B11: 21
A12: Nov-2021 | B12: 20
A13: Dec-2021 | B13: 23
... A61: Dec-2025 | B61: 30

Sheet PLOT DATA
A1: PERIODE | B1: PENJUALAN
A2: Jan-2021 | B2: 11
A3: Feb-2021 | B3: 13
A4: Mar-2021 | B4: 12
A5: Apr-2021 | B5: 15
A6: May-2021 | B6: 14
A7: Jun-2021 | B7: 16
A8: Jul-2021 | B8: 18
A9: Aug-2021 | B9: 17
A10: Sep-2021 | B10: 19
A11: Oct-2021 | B11: 21
A12: Nov-2021 | B12: 20
A13: Dec-2021 | B13: 23
... A61: Dec-2025 | B61: 30

Sheet STATIONARY TEST
A1: Stationary Test
A2: Test | B2: Score | C2: P-Value | D2: C.V. | E2: Stationary? | F2: =0.05 -> 0.05
A3: ADF
A4: No Const | B4: =_xll.ADFTest(DATA!B2:B61,1,4,1,1,2) -> 0.11089191 | C4: =_xll.ADFTest(DATA!B2:B61,1,4,1,1,1) -> 0.64803515 | D4: =_xll.ADFTest(DATA!B2:B61,1,4,1,1,3,$F$2) -> -1.9451812 | E4: =IF($C4<$F$2, TRUE, FALSE) -> FALSE
A5: Const-Only | B5: =_xll.ADFTest(DATA!B2:B61,1,4,2,1,2) -> -2.9130151 | C5: =_xll.ADFTest(DATA!B2:B61,1,4,2,1,1) -> 0.049338288 | D5: =_xll.ADFTest(DATA!B2:B61,1,4,2,1,3,$F$2) -> -2.90554 | E5: =IF($C5<$F$2, TRUE, FALSE) -> TRUE
A6: Const + Trend | B6: =_xll.ADFTest(DATA!B2:B61,1,4,4,1,2) -> -4.322649 | C6: =_xll.ADFTest(DATA!B2:B61,1,4,4,1,1) -> 0.01 | D6: =_xll.ADFTest(DATA!B2:B61,1,4,4,1,3,$F$2) -> -3.4726843 | E6: =IF($C6<$F$2, TRUE, FALSE) -> TRUE
A7: Const+Trend+Trend^2 | B7: =_xll.ADFTest(DATA!B2:B61,1,4,5,1,2) -> -4.2355444 | C7: =_xll.ADFTest(DATA!B2:B61,1,4,5,1,1) -> 0.023091379 | D7: =_xll.ADFTest(DATA!B2:B61,1,4,5,1,3,$F$2) -> -3.9158977 | E7: =IF($C7<$F$2, TRUE, FALSE) -> TRUE

Sheet ACF PACF
A1: Correlogram Analysis
A2: Lag | B2: ACF | C2: UL | D2: LL | E2: PACF | F2: UL | G2: LL
A3: 1 | B3: =_xll.ACF(DATA!B2:B61,1,$A3,0) -> 0.720606 | C3: =_xll.ACFCI(DATA!B2:B61,1,$A3,0,0.05,1) -> 0.25303026 | D3: =_xll.ACFCI(DATA!B2:B61,1,$A3,0,0.05,0) -> -0.25303026 | E3: =_xll.PACF(DATA!B2:B61,1,$A3) -> 0.720606 | F3: =_xll.PACFCI(DATA!B2:B61,1,$A3,0.05,1) -> 0.25303026 | G3: =_xll.PACFCI(DATA!B2:B61,1,$A3,0.05,0) -> -0.25303026
A4: 2 | B4: =_xll.ACF(DATA!B2:B61,1,$A4,0) -> 0.55686544 | C4: =_xll.ACFCI(DATA!B2:B61,1,$A4,0,0.05,1) -> 0.36127069 | D4: =_xll.ACFCI(DATA!B2:B61,1,$A4,0,0.05,0) -> -0.36127069 | E4: =_xll.PACF(DATA!B2:B61,1,$A4) -> 0.078199143 | F4: =_xll.PACFCI(DATA!B2:B61,1,$A4,0.05,1) -> 0.25303026 | G4: =_xll.PACFCI(DATA!B2:B61,1,$A4,0.05,0) -> -0.25303026
A5: 3 | B5: =_xll.ACF(DATA!B2:B61,1,$A5,0) -> 0.37738761 | C5: =_xll.ACFCI(DATA!B2:B61,1,$A5,0,0.05,1) -> 0.41258245 | D5: =_xll.ACFCI(DATA!B2:B61,1,$A5,0,0.05,0) -> -0.41258245 | E5: =_xll.PACF(DATA!B2:B61,1,$A5) -> -0.10227132 | F5: =_xll.PACFCI(DATA!B2:B61,1,$A5,0.05,1) -> 0.25303026 | G5: =_xll.PACFCI(DATA!B2:B61,1,$A5,0.05,0) -> -0.25303026
A6: 4 | B6: =_xll.ACF(DATA!B2:B61,1,$A6,0) -> 0.26310377 | C6: =_xll.ACFCI(DATA!B2:B61,1,$A6,0,0.05,1) -> 0.43412111 | D6: =_xll.ACFCI(DATA!B2:B61,1,$A6,0,0.05,0) -> -0.43412111 | E6: =_xll.PACF(DATA!B2:B61,1,$A6) -> 0.0036477038 | F6: =_xll.PACFCI(DATA!B2:B61,1,$A6,0.05,1) -> 0.25303026 | G6: =_xll.PACFCI(DATA!B2:B61,1,$A6,0.05,0) -> -0.25303026
A7: 5 | B7: =_xll.ACF(DATA!B2:B61,1,$A7,0) -> 0.16547184 | C7: =_xll.ACFCI(DATA!B2:B61,1,$A7,0,0.05,1) -> 0.44421293 | D7: =_xll.ACFCI(DATA!B2:B61,1,$A7,0,0.05,0) -> -0.44421293 | E7: =_xll.PACF(DATA!B2:B61,1,$A7) -> -0.022754556 | F7: =_xll.PACFCI(DATA!B2:B61,1,$A7,0.05,1) -> 0.25303026 | G7: =_xll.PACFCI(DATA!B2:B61,1,$A7,0.05,0) -> -0.25303026
A8: 6 | B8: =_xll.ACF(DATA!B2:B61,1,$A8,0) -> 0.074407894 | C8: =_xll.ACFCI(DATA!B2:B61,1,$A8,0,0.05,1) -> 0.44814196 | D8: =_xll.ACFCI(DATA!B2:B61,1,$A8,0,0.05,0) -> -0.44814196 | E8: =_xll.PACF(DATA!B2:B61,1,$A8) -> -0.064489251 | F8: =_xll.PACFCI(DATA!B2:B61,1,$A8,0.05,1) -> 0.25303026 | G8: =_xll.PACFCI(DATA!B2:B61,1,$A8,0.05,0) -> -0.25303026
A9: 7 | B9: =_xll.ACF(DATA!B2:B61,1,$A9,0) -> 0.11419303 | C9: =_xll.ACFCI(DATA!B2:B61,1,$A9,0,0.05,1) -> 0.44893225 | D9: =_xll.ACFCI(DATA!B2:B61,1,$A9,0,0.05,0) -> -0.44893225 | E9: =_xll.PACF(DATA!B2:B61,1,$A9) -> 0.197833 | F9: =_xll.PACFCI(DATA!B2:B61,1,$A9,0.05,1) -> 0.25303026 | G9: =_xll.PACFCI(DATA!B2:B61,1,$A9,0.05,0) -> -0.25303026
A10: 8 | B10: =_xll.ACF(DATA!B2:B61,1,$A10,0) -> 0.16737684 | C10: =_xll.ACFCI(DATA!B2:B61,1,$A10,0,0.05,1) -> 0.45078811 | D10: =_xll.ACFCI(DATA!B2:B61,1,$A10,0,0.05,0) -> -0.45078811 | E10: =_xll.PACF(DATA!B2:B61,1,$A10) -> 0.12136199 | F10: =_xll.PACFCI(DATA!B2:B61,1,$A10,0.05,1) -> 0.25303026 | G10: =_xll.PACFCI(DATA!B2:B61,1,$A10,0.05,0) -> -0.25303026
A11: 9 | B11: =_xll.ACF(DATA!B2:B61,1,$A11,0) -> 0.20730935 | C11: =_xll.ACFCI(DATA!B2:B61,1,$A11,0,0.05,1) -> 0.45474961 | D11: =_xll.ACFCI(DATA!B2:B61,1,$A11,0,0.05,0) -> -0.45474961 | E11: =_xll.PACF(DATA!B2:B61,1,$A11) -> 0.016172166 | F11: =_xll.PACFCI(DATA!B2:B61,1,$A11,0.05,1) -> 0.25303026 | G11: =_xll.PACFCI(DATA!B2:B61,1,$A11,0.05,0) -> -0.25303026
A12: 10 | B12: =_xll.ACF(DATA!B2:B61,1,$A12,0) -> 0.36191954 | C12: =_xll.ACFCI(DATA!B2:B61,1,$A12,0,0.05,1) -> 0.46076065 | D12: =_xll.ACFCI(DATA!B2:B61,1,$A12,0,0.05,0) -> -0.46076065 | E12: =_xll.PACF(DATA!B2:B61,1,$A12) -> 0.33000878 | F12: =_xll.PACFCI(DATA!B2:B61,1,$A12,0.05,1) -> 0.25303026 | G12: =_xll.PACFCI(DATA!B2:B61,1,$A12,0.05,0) -> -0.25303026
A13: 11 | B13: =_xll.ACF(DATA!B2:B61,1,$A13,0) -> 0.46640054 | C13: =_xll.ACFCI(DATA!B2:B61,1,$A13,0,0.05,1) -> 0.47861563 | D13: =_xll.ACFCI(DATA!B2:B61,1,$A13,0,0.05,0) -> -0.47861563 | E13: =_xll.PACF(DATA!B2:B61,1,$A13) -> 0.16738467 | F13: =_xll.PACFCI(DATA!B2:B61,1,$A13,0.05,1) -> 0.25303026 | G13: =_xll.PACFCI(DATA!B2:B61,1,$A13,0.05,0) -> -0.25303026
A14: 12 | B14: =_xll.ACF(DATA!B2:B61,1,$A14,0) -> 0.62582995 | C14: =_xll.ACFCI(DATA!B2:B61,1,$A14,0,0.05,1) -> 0.50687994 | D14: =_xll.ACFCI(DATA!B2:B61,1,$A14,0,0.05,0) -> -0.50687994 | E14: =_xll.PACF(DATA!B2:B61,1,$A14) -> 0.30191209 | F14: =_xll.PACFCI(DATA!B2:B61,1,$A14,0.05,1) -> 0.25303026 | G14: =_xll.PACFCI(DATA!B2:B61,1,$A14,0.05,0) -> -0.25303026
A15: 13 | B15: =_xll.ACF(DATA!B2:B61,1,$A15,0) -> 0.43985389 | C15: =_xll.ACFCI(DATA!B2:B61,1,$A15,0,0.05,1) -> 0.55414727 | D15: =_xll.ACFCI(DATA!B2:B61,1,$A15,0,0.05,0) -> -0.55414727 | E15: =_xll.PACF(DATA!B2:B61,1,$A15) -> -0.44606621 | F15: =_xll.PACFCI(DATA!B2:B61,1,$A15,0.05,1) -> 0.25303026 | G15: =_xll.PACFCI(DATA!B2:B61,1,$A15,0.05,0) -> -0.25303026
A16: 14 | B16: =_xll.ACF(DATA!B2:B61,1,$A16,0) -> 0.29748818 | C16: =_xll.ACFCI(DATA!B2:B61,1,$A16,0,0.05,1) -> 0.57606679 | D16: =_xll.ACFCI(DATA!B2:B61,1,$A16,0,0.05,0) -> -0.57606679 | E16: =_xll.PACF(DATA!B2:B61,1,$A16) -> -0.16911282 | F16: =_xll.PACFCI(DATA!B2:B61,1,$A16,0.05,1) -> 0.25303026 | G16: =_xll.PACFCI(DATA!B2:B61,1,$A16,0.05,0) -> -0.25303026
A17: 15 | B17: =_xll.ACF(DATA!B2:B61,1,$A17,0) -> 0.14843586 | C17: =_xll.ACFCI(DATA!B2:B61,1,$A17,0,0.05,1) -> 0.58582007 | D17: =_xll.ACFCI(DATA!B2:B61,1,$A17,0,0.05,0) -> -0.58582007 | E17: =_xll.PACF(DATA!B2:B61,1,$A17) -> -0.10232833 | F17: =_xll.PACFCI(DATA!B2:B61,1,$A17,0.05,1) -> 0.25303026 | G17: =_xll.PACFCI(DATA!B2:B61,1,$A17,0.05,0) -> -0.25303026
A18: 16 | B18: =_xll.ACF(DATA!B2:B61,1,$A18,0) -> 0.074233932 | C18: =_xll.ACFCI(DATA!B2:B61,1,$A18,0,0.05,1) -> 0.58822315 | D18: =_xll.ACFCI(DATA!B2:B61,1,$A18,0,0.05,0) -> -0.58822315 | E18: =_xll.PACF(DATA!B2:B61,1,$A18) -> 0.13111431 | F18: =_xll.PACFCI(DATA!B2:B61,1,$A18,0.05,1) -> 0.25303026 | G18: =_xll.PACFCI(DATA!B2:B61,1,$A18,0.05,0) -> -0.25303026
A19: 17 | B19: =_xll.ACF(DATA!B2:B61,1,$A19,0) -> 0.020798482 | C19: =_xll.ACFCI(DATA!B2:B61,1,$A19,0,0.05,1) -> 0.58882265 | D19: =_xll.ACFCI(DATA!B2:B61,1,$A19,0,0.05,0) -> -0.58882265 | E19: =_xll.PACF(DATA!B2:B61,1,$A19) -> 0.083962777 | F19: =_xll.PACFCI(DATA!B2:B61,1,$A19,0.05,1) -> 0.25303026 | G19: =_xll.PACFCI(DATA!B2:B61,1,$A19,0.05,0) -> -0.25303026
A20: 18 | B20: =_xll.ACF(DATA!B2:B61,1,$A20,0) -> -0.041748836 | C20: =_xll.ACFCI(DATA!B2:B61,1,$A20,0,0.05,1) -> 0.58886968 | D20: =_xll.ACFCI(DATA!B2:B61,1,$A20,0,0.05,0) -> -0.58886968 | E20: =_xll.PACF(DATA!B2:B61,1,$A20) -> -0.013711092 | F20: =_xll.PACFCI(DATA!B2:B61,1,$A20,0.05,1) -> 0.25303026 | G20: =_xll.PACFCI(DATA!B2:B61,1,$A20,0.05,0) -> -0.25303026
A21: 19 | B21: =_xll.ACF(DATA!B2:B61,1,$A21,0) -> -0.014694086 | C21: =_xll.ACFCI(DATA!B2:B61,1,$A21,0,0.05,1) -> 0.58905915 | D21: =_xll.ACFCI(DATA!B2:B61,1,$A21,0,0.05,0) -> -0.58905915 | E21: =_xll.PACF(DATA!B2:B61,1,$A21) -> -0.041346796 | F21: =_xll.PACFCI(DATA!B2:B61,1,$A21,0.05,1) -> 0.25303026 | G21: =_xll.PACFCI(DATA!B2:B61,1,$A21,0.05,0) -> -0.25303026
A22: 20 | B22: =_xll.ACF(DATA!B2:B61,1,$A22,0) -> 0.040036004 | C22: =_xll.ACFCI(DATA!B2:B61,1,$A22,0,0.05,1) -> 0.58908262 | D22: =_xll.ACFCI(DATA!B2:B61,1,$A22,0,0.05,0) -> -0.58908262 | E22: =_xll.PACF(DATA!B2:B61,1,$A22) -> -0.0073916854 | F22: =_xll.PACFCI(DATA!B2:B61,1,$A22,0.05,1) -> 0.25303026 | G22: =_xll.PACFCI(DATA!B2:B61,1,$A22,0.05,0) -> -0.25303026

Sheet ARIMA 101
A1: =_xll.ARIMA(0,$C$3,$C$6,$C$4,$C$5) -> ARIMA(1,0,1) | E1: Goodness-of-fit | J1: Residuals (standardized) Analysis
B2: Param | C2: Value | E2: LLF | F2: AIC | G2: CHECK | J2: AVG | K2: STDEV | L2: Skew | M2: Kurtosis | N2: Noise? | O2: Normal? | P2: ARCH?
B3: μ | C3: 21.633333 | E3: =_xll.ARIMA_GOF(DATA!B2:B61,1,$C$8,$C$3,$C$6,$C$4,$C$5,1) -> -163.13214 | F3: =_xll.ARIMA_GOF(DATA!B2:B61,1,$C$8,$C$3,$C$6,$C$4,$C$5,2) -> 334.26428 | G3: =_xll.ARIMA_CHECK($C$3,$C$6,$C$4,$C$5) -> 1 | J3: =AVERAGE(_xll.RMNA(_xll.ARIMA_FIT(DATA!B2:B61,1,$C$8,$C$3,$C$6,$C$4,$C$5,4))) -> 0.043281064 | K3: =STDEV(_xll.RMNA(_xll.ARIMA_FIT(DATA!B2:B61,1,$C$8,$C$3,$C$6,$C$4,$C$5,4))) -> 0.86879616 | L3: =SKEW(_xll.RMNA(_xll.ARIMA_FIT(DATA!B2:B61,1,$C$8,$C$3,$C$6,$C$4,$C$5,4))) -> -1.4407385 | M3: =KURT(_xll.RMNA(_xll.ARIMA_FIT(DATA!B2:B61,1,$C$8,$C$3,$C$6,$C$4,$C$5,4))) -> 2.105577 | N3: =IF(_xll.WNTest(_xll.RMNA(_xll.ARIMA_FIT(DATA!B2:B61,1,$C$8,$C$3,$C$6,$C$4,$C$5,4)),1) >0.05, TRUE, FALSE) -> TRUE | O3: =IF(_xll.NormalityTest(_xll.RMNA(_xll.ARIMA_FIT(DATA!B2:B61,1,$C$8,$C$3,$C$6,$C$4,$C$5,4)),1) >0.05, TRUE, FALSE) -> FALSE | P3: =IF(_xll.ARCHTest(_xll.RMNA(_xll.ARIMA_FIT(DATA!B2:B61,1,$C$8,$C$3,$C$6,$C$4,$C$5,4)),1) <0.05, TRUE, FALSE) -> FALSE
B4: φ1 | C4: 0.73510071 | I4: Target | J4: 0 | K4: 1 | L4: 0 | M4: 0
B5: θ1 | C5: -0.076273829 | I5: SIG? | J5: =IF( _xll.TEST_MEAN(_xll.RMNA(_xll.ARIMA_FIT(DATA!B2:B61,1,$C$8,$C$3,$C$6,$C$4,$C$5,4)),J4) >0.05/2, FALSE, TRUE) -> FALSE | K5: =IF( _xll.TEST_STDEV(_xll.RMNA(_xll.ARIMA_FIT(DATA!B2:B61,1,$C$8,$C$3,$C$6,$C$4,$C$5,4)),K4) >0.05, FALSE, TRUE) -> FALSE | L5: =IF( _xll.TEST_SKEW(_xll.RMNA(_xll.ARIMA_FIT(DATA!B2:B61,1,$C$8,$C$3,$C$6,$C$4,$C$5,4))) >0.05/2, FALSE, TRUE) -> TRUE | M5: =IF( _xll.TEST_XKURT(_xll.RMNA(_xll.ARIMA_FIT(DATA!B2:B61,1,$C$8,$C$3,$C$6,$C$4,$C$5,4))) >0.05/2, FALSE, TRUE) -> TRUE
B6: σ | C6: 3.7461306
B8: d | C8: 0
A10: Step | B10: Mean | C10: STD | D10: UL | E10: LL
A11: 1 | B11: =_xll.ARIMA_FORE(DATA!$B$2:$B$61,1,0,$C$3,$C$6,$C$4,$C$5,$A11,1,0.05) -> 27.445493 | C11: =_xll.ARIMA_FORE(DATA!$B$2:$B$61,1,0,$C$3,$C$6,$C$4,$C$5,$A11,2,0.05) -> 3.7461306 | D11: =_xll.ARIMA_FORE(DATA!$B$2:$B$61,1,0,$C$3,$C$6,$C$4,$C$5,$A11,5,0.05) -> 34.787774 | E11: =_xll.ARIMA_FORE(DATA!$B$2:$B$61,1,0,$C$3,$C$6,$C$4,$C$5,$A11,4,0.05) -> 20.103212
A12: 2 | B12: =_xll.ARIMA_FORE(DATA!$B$2:$B$61,1,0,$C$3,$C$6,$C$4,$C$5,$A12,1,0.05) -> 25.905856 | C12: =_xll.ARIMA_FORE(DATA!$B$2:$B$61,1,0,$C$3,$C$6,$C$4,$C$5,$A12,2,0.05) -> 4.4860643 | D12: =_xll.ARIMA_FORE(DATA!$B$2:$B$61,1,0,$C$3,$C$6,$C$4,$C$5,$A12,5,0.05) -> 34.69838 | E12: =_xll.ARIMA_FORE(DATA!$B$2:$B$61,1,0,$C$3,$C$6,$C$4,$C$5,$A12,4,0.05) -> 17.113331
A13: 3 | B13: =_xll.ARIMA_FORE(DATA!$B$2:$B$61,1,0,$C$3,$C$6,$C$4,$C$5,$A13,1,0.05) -> 24.774068 | C13: =_xll.ARIMA_FORE(DATA!$B$2:$B$61,1,0,$C$3,$C$6,$C$4,$C$5,$A13,2,0.05) -> 4.8390428 | D13: =_xll.ARIMA_FORE(DATA!$B$2:$B$61,1,0,$C$3,$C$6,$C$4,$C$5,$A13,5,0.05) -> 34.258417 | E13: =_xll.ARIMA_FORE(DATA!$B$2:$B$61,1,0,$C$3,$C$6,$C$4,$C$5,$A13,4,0.05) -> 15.289718
A14: 4 | B14: =_xll.ARIMA_FORE(DATA!$B$2:$B$61,1,0,$C$3,$C$6,$C$4,$C$5,$A14,1,0.05) -> 23.942089 | C14: =_xll.ARIMA_FORE(DATA!$B$2:$B$61,1,0,$C$3,$C$6,$C$4,$C$5,$A14,2,0.05) -> 5.0194628 | D14: =_xll.ARIMA_FORE(DATA!$B$2:$B$61,1,0,$C$3,$C$6,$C$4,$C$5,$A14,5,0.05) -> 33.780056 | E14: =_xll.ARIMA_FORE(DATA!$B$2:$B$61,1,0,$C$3,$C$6,$C$4,$C$5,$A14,4,0.05) -> 14.104123
A15: 5 | B15: =_xll.ARIMA_FORE(DATA!$B$2:$B$61,1,0,$C$3,$C$6,$C$4,$C$5,$A15,1,0.05) -> 23.330501 | C15: =_xll.ARIMA_FORE(DATA!$B$2:$B$61,1,0,$C$3,$C$6,$C$4,$C$5,$A15,2,0.05) -> 5.1143087 | D15: =_xll.ARIMA_FORE(DATA!$B$2:$B$61,1,0,$C$3,$C$6,$C$4,$C$5,$A15,5,0.05) -> 33.354362 | E15: =_xll.ARIMA_FORE(DATA!$B$2:$B$61,1,0,$C$3,$C$6,$C$4,$C$5,$A15,4,0.05) -> 13.306641
A16: 6 | B16: =_xll.ARIMA_FORE(DATA!$B$2:$B$61,1,0,$C$3,$C$6,$C$4,$C$5,$A16,1,0.05) -> 22.880923 | C16: =_xll.ARIMA_FORE(DATA!$B$2:$B$61,1,0,$C$3,$C$6,$C$4,$C$5,$A16,2,0.05) -> 5.164836 | D16: =_xll.ARIMA_FORE(DATA!$B$2:$B$61,1,0,$C$3,$C$6,$C$4,$C$5,$A16,5,0.05) -> 33.003815 | E16: =_xll.ARIMA_FORE(DATA!$B$2:$B$61,1,0,$C$3,$C$6,$C$4,$C$5,$A16,4,0.05) -> 12.75803
A17: 7 | B17: =_xll.ARIMA_FORE(DATA!$B$2:$B$61,1,0,$C$3,$C$6,$C$4,$C$5,$A17,1,0.05) -> 22.550437 | C17: =_xll.ARIMA_FORE(DATA!$B$2:$B$61,1,0,$C$3,$C$6,$C$4,$C$5,$A17,2,0.05) -> 5.1919349 | D17: =_xll.ARIMA_FORE(DATA!$B$2:$B$61,1,0,$C$3,$C$6,$C$4,$C$5,$A17,5,0.05) -> 32.726443 | E17: =_xll.ARIMA_FORE(DATA!$B$2:$B$61,1,0,$C$3,$C$6,$C$4,$C$5,$A17,4,0.05) -> 12.374432
A18: 8 | B18: =_xll.ARIMA_FORE(DATA!$B$2:$B$61,1,0,$C$3,$C$6,$C$4,$C$5,$A18,1,0.05) -> 22.307497 | C18: =_xll.ARIMA_FORE(DATA!$B$2:$B$61,1,0,$C$3,$C$6,$C$4,$C$5,$A18,2,0.05) -> 5.2065198 | D18: =_xll.ARIMA_FORE(DATA!$B$2:$B$61,1,0,$C$3,$C$6,$C$4,$C$5,$A18,5,0.05) -> 32.512088 | E18: =_xll.ARIMA_FORE(DATA!$B$2:$B$61,1,0,$C$3,$C$6,$C$4,$C$5,$A18,4,0.05) -> 12.102906
A19: 9 | B19: =_xll.ARIMA_FORE(DATA!$B$2:$B$61,1,0,$C$3,$C$6,$C$4,$C$5,$A19,1,0.05) -> 22.128912 | C19: =_xll.ARIMA_FORE(DATA!$B$2:$B$61,1,0,$C$3,$C$6,$C$4,$C$5,$A19,2,0.05) -> 5.2143841 | D19: =_xll.ARIMA_FORE(DATA!$B$2:$B$61,1,0,$C$3,$C$6,$C$4,$C$5,$A19,5,0.05) -> 32.348917 | E19: =_xll.ARIMA_FORE(DATA!$B$2:$B$61,1,0,$C$3,$C$6,$C$4,$C$5,$A19,4,0.05) -> 11.908907
A20: 10 | B20: =_xll.ARIMA_FORE(DATA!$B$2:$B$61,1,0,$C$3,$C$6,$C$4,$C$5,$A20,1,0.05) -> 21.997633 | C20: =_xll.ARIMA_FORE(DATA!$B$2:$B$61,1,0,$C$3,$C$6,$C$4,$C$5,$A20,2,0.05) -> 5.2186288 | D20: =_xll.ARIMA_FORE(DATA!$B$2:$B$61,1,0,$C$3,$C$6,$C$4,$C$5,$A20,5,0.05) -> 32.225958 | E20: =_xll.ARIMA_FORE(DATA!$B$2:$B$61,1,0,$C$3,$C$6,$C$4,$C$5,$A20,4,0.05) -> 11.769309
A21: 11 | B21: =_xll.ARIMA_FORE(DATA!$B$2:$B$61,1,0,$C$3,$C$6,$C$4,$C$5,$A21,1,0.05) -> 21.90113 | C21: =_xll.ARIMA_FORE(DATA!$B$2:$B$61,1,0,$C$3,$C$6,$C$4,$C$5,$A21,2,0.05) -> 5.2209211 | D21: =_xll.ARIMA_FORE(DATA!$B$2:$B$61,1,0,$C$3,$C$6,$C$4,$C$5,$A21,5,0.05) -> 32.133948 | E21: =_xll.ARIMA_FORE(DATA!$B$2:$B$61,1,0,$C$3,$C$6,$C$4,$C$5,$A21,4,0.05) -> 11.668313
A22: 12 | B22: =_xll.ARIMA_FORE(DATA!$B$2:$B$61,1,0,$C$3,$C$6,$C$4,$C$5,$A22,1,0.05) -> 21.830191 | C22: =_xll.ARIMA_FORE(DATA!$B$2:$B$61,1,0,$C$3,$C$6,$C$4,$C$5,$A22,2,0.05) -> 5.2221593 | D22: =_xll.ARIMA_FORE(DATA!$B$2:$B$61,1,0,$C$3,$C$6,$C$4,$C$5,$A22,5,0.05) -> 32.065435 | E22: =_xll.ARIMA_FORE(DATA!$B$2:$B$61,1,0,$C$3,$C$6,$C$4,$C$5,$A22,4,0.05) -> 11.594947

Sheet FORECAST
A1: Step | B1: Mean | C1: STD | D1: UL | E1: LL
A2: 1 | B2: 27.445493 | C2: 3.7461306 | D2: 34.787774 | E2: 20.103212
A3: 2 | B3: 25.905856 | C3: 4.4860643 | D3: 34.69838 | E3: 17.113331
A4: 3 | B4: 24.774068 | C4: 4.8390428 | D4: 34.258417 | E4: 15.289718
A5: 4 | B5: 23.942089 | C5: 5.0194628 | D5: 33.780056 | E5: 14.104123
A6: 5 | B6: 23.330501 | C6: 5.1143087 | D6: 33.354362 | E6: 13.306641
A7: 6 | B7: 22.880923 | C7: 5.164836 | D7: 33.003815 | E7: 12.75803
A8: 7 | B8: 22.550437 | C8: 5.1919349 | D8: 32.726443 | E8: 12.374432
A9: 8 | B9: 22.307497 | C9: 5.2065198 | D9: 32.512088 | E9: 12.102906
A10: 9 | B10: 22.128912 | C10: 5.2143841 | D10: 32.348917 | E10: 11.908907
A11: 10 | B11: 21.997633 | C11: 5.2186288 | D11: 32.225958 | E11: 11.769309
A12: 11 | B12: 21.90113 | C12: 5.2209211 | D12: 32.133948 | E12: 11.668313
A13: 12 | B13: 21.830191 | C13: 5.2221593 | D13: 32.065435 | E13: 11.594947

Sheet EVALUASI
A1: Periode | B1: Actual | C1: Forecast | D1: Error | E1: Abs Error | F1: Squared Error | G1: APE | J1: MSE | K1: MAPE
A2: 49 | B2: 19 | C2: 27.445493 | D2: =B2-C2 -> -8.4454926 | E2: =ABS(D2) -> 8.4454926 | F2: =D2^2 -> 71.326345 | G2: =ABS((B2-C2)/B2)*100 -> 44.449961 | J2: =AVERAGE(F2:F13) -> 31.527738 | K2: =AVERAGE(G2:G13) -> 20.039298
A3: 50 | B3: 21 | C3: 25.905856 | D3: =B3-C3 -> -4.9058557 | E3: =ABS(D3) -> 4.9058557 | F3: =D3^2 -> 24.06742 | G3: =ABS((B3-C3)/B3)*100 -> 23.361218
A4: 51 | B4: 20 | C4: 24.774068 | D4: =B4-C4 -> -4.7740676 | E4: =ABS(D4) -> 4.7740676 | F4: =D4^2 -> 22.791721 | G4: =ABS((B4-C4)/B4)*100 -> 23.870338
A5: 52 | B5: 23 | C5: 23.942089 | D5: =B5-C5 -> -0.94208929 | E5: =ABS(D5) -> 0.94208929 | F5: =D5^2 -> 0.88753224 | G5: =ABS((B5-C5)/B5)*100 -> 4.0960404
A6: 53 | B6: 25 | C6: 23.330501 | D6: =B6-C6 -> 1.6694985 | E6: =ABS(D6) -> 1.6694985 | F6: =D6^2 -> 2.7872253 | G6: =ABS((B6-C6)/B6)*100 -> 6.6779941
A7: 54 | B7: 24 | C7: 22.880923 | D7: =B7-C7 -> 1.1190772 | E7: =ABS(D7) -> 1.1190772 | F7: =D7^2 -> 1.2523337 | G7: =ABS((B7-C7)/B7)*100 -> 4.6628215
A8: 55 | B8: 27 | C8: 22.550437 | D8: =B8-C8 -> 4.4495627 | E8: =ABS(D8) -> 4.4495627 | F8: =D8^2 -> 19.798609 | G8: =ABS((B8-C8)/B8)*100 -> 16.479862
A9: 56 | B9: 30 | C9: 22.307497 | D9: =B9-C9 -> 7.6925029 | E9: =ABS(D9) -> 7.6925029 | F9: =D9^2 -> 59.174601 | G9: =ABS((B9-C9)/B9)*100 -> 25.641676
A10: 57 | B10: 28 | C10: 22.128912 | D10: =B10-C10 -> 5.8710884 | E10: =ABS(D10) -> 5.8710884 | F10: =D10^2 -> 34.469679 | G10: =ABS((B10-C10)/B10)*100 -> 20.968173
A11: 58 | B11: 29 | C11: 21.997633 | D11: =B11-C11 -> 7.0023667 | E11: =ABS(D11) -> 7.0023667 | F11: =D11^2 -> 49.03314 | G11: =ABS((B11-C11)/B11)*100 -> 24.146092
A12: 59 | B12: 27 | C12: 21.90113 | D12: =B12-C12 -> 5.0988695 | E12: =ABS(D12) -> 5.0988695 | F12: =D12^2 -> 25.998471 | G12: =ABS((B12-C12)/B12)*100 -> 18.884702
A13: 60 | B13: 30 | C13: 21.830191 | D13: =B13-C13 -> 8.1698088 | E13: =ABS(D13) -> 8.1698088 | F13: =D13^2 -> 66.745776 | G13: =ABS((B13-C13)/B13)*100 -> 27.232696

Sheet DATA FTS
A1: PERIODE | B1: PENJUALAN
A2: 1 | B2: 11
A3: 2 | B3: 13 | D3: Minimum | E3: =MIN(B2:B61) -> 11
A4: 3 | B4: 12 | D4: Maximum | E4: =MAX(B2:B61) -> 30
A5: 4 | B5: 15 | D5: Jumlah data | E5: =COUNT(B2:B61) -> 60
A6: 5 | B6: 14 | D6: Jumlah interval | E6: =1+3.3*LOG10(E4) -> 5.8745001
A7: 6 | B7: 16 | D7: Jumlah interval | E7: =ROUND(E6,0) -> 6
A8: 7 | B8: 18 | D8: Panjang interval | E8: =(E4-E3)/E7 -> 3.1666667
A9: 8 | B9: 17 | D9: Interval Bulat | E9: =ROUND(E8,0) -> 3
A10: 9 | B10: 19
A11: 10 | B11: 21
A12: 11 | B12: 20
A13: 12 | B13: 23
A14: 13 | B14: 14
A15: 14 | B15: 16
A16: 15 | B16: 15
A17: 16 | B17: 18
A18: 17 | B18: 17
A19: 18 | B19: 20
A20: 19 | B20: 22
A21: 20 | B21: 21
... A61: 60 | B61: 30

Sheet UOD
A1: Minimum | B1: 11
A2: Maximum | B2: 30
A3: Jumlah data | B3: 60
A4: Jumlah interval | B4: 5.8745001
A5: Jumlah interval | B5: 6
A6: Panjang interval | B6: 3.1666667
A7: Interval Bulat | B7: 3

Sheet INTERVAL
A1: Fuzzy Set | B1: Bawah | C1: Atas | D1: Midpoint
A2: A1 | B2: 11 | C2: 14 | D2: =(B2+C2)/2 -> 12.5
A3: A2 | B3: 14 | C3: 17 | D3: =(B3+C3)/2 -> 15.5
A4: A3 | B4: 17 | C4: 20 | D4: =(B4+C4)/2 -> 18.5
A5: A4 | B5: 20 | C5: 23 | D5: =(B5+C5)/2 -> 21.5
A6: A5 | B6: 23 | C6: 26 | D6: =(B6+C6)/2 -> 24.5
A7: A6 | B7: 26 | C7: 29 | D7: =(B7+C7)/2 -> 27.5
A8: A7 | B8: 29 | C8: 32 | D8: =(B8+C8)/2 -> 30.5

Sheet FUZZIFIKASI
A1: Periode | B1: Penjualan | C1: Fuzzy
A2: 1 | B2: 11 | C2: =IF(AND(B2>=11,B2<14),"A1", IF(AND(B2>=14,B2<17),"A2", IF(AND(B2>=17,B2<20),"A3", IF(AND(B2>=20,B2<23),"A4", IF(AND(B2>=23,B2<26),"A5", IF(AND(B2>=26,B2<29),"A6", "A7")))))) -> A1
A3: 2 | B3: 13 | C3: =IF(AND(B3>=11,B3<14),"A1", IF(AND(B3>=14,B3<17),"A2", IF(AND(B3>=17,B3<20),"A3", IF(AND(B3>=20,B3<23),"A4", IF(AND(B3>=23,B3<26),"A5", IF(AND(B3>=26,B3<29),"A6", "A7")))))) -> A1
A4: 3 | B4: 12 | C4: =IF(AND(B4>=11,B4<14),"A1", IF(AND(B4>=14,B4<17),"A2", IF(AND(B4>=17,B4<20),"A3", IF(AND(B4>=20,B4<23),"A4", IF(AND(B4>=23,B4<26),"A5", IF(AND(B4>=26,B4<29),"A6", "A7")))))) -> A1
A5: 4 | B5: 15 | C5: =IF(AND(B5>=11,B5<14),"A1", IF(AND(B5>=14,B5<17),"A2", IF(AND(B5>=17,B5<20),"A3", IF(AND(B5>=20,B5<23),"A4", IF(AND(B5>=23,B5<26),"A5", IF(AND(B5>=26,B5<29),"A6", "A7")))))) -> A2
A6: 5 | B6: 14 | C6: =IF(AND(B6>=11,B6<14),"A1", IF(AND(B6>=14,B6<17),"A2", IF(AND(B6>=17,B6<20),"A3", IF(AND(B6>=20,B6<23),"A4", IF(AND(B6>=23,B6<26),"A5", IF(AND(B6>=26,B6<29),"A6", "A7")))))) -> A2
A7: 6 | B7: 16 | C7: =IF(AND(B7>=11,B7<14),"A1", IF(AND(B7>=14,B7<17),"A2", IF(AND(B7>=17,B7<20),"A3", IF(AND(B7>=20,B7<23),"A4", IF(AND(B7>=23,B7<26),"A5", IF(AND(B7>=26,B7<29),"A6", "A7")))))) -> A2
A8: 7 | B8: 18 | C8: =IF(AND(B8>=11,B8<14),"A1", IF(AND(B8>=14,B8<17),"A2", IF(AND(B8>=17,B8<20),"A3", IF(AND(B8>=20,B8<23),"A4", IF(AND(B8>=23,B8<26),"A5", IF(AND(B8>=26,B8<29),"A6", "A7")))))) -> A3
A9: 8 | B9: 17 | C9: =IF(AND(B9>=11,B9<14),"A1", IF(AND(B9>=14,B9<17),"A2", IF(AND(B9>=17,B9<20),"A3", IF(AND(B9>=20,B9<23),"A4", IF(AND(B9>=23,B9<26),"A5", IF(AND(B9>=26,B9<29),"A6", "A7")))))) -> A3
A10: 9 | B10: 19 | C10: =IF(AND(B10>=11,B10<14),"A1", IF(AND(B10>=14,B10<17),"A2", IF(AND(B10>=17,B10<20),"A3", IF(AND(B10>=20,B10<23),"A4", IF(AND(B10>=23,B10<26),"A5", IF(AND(B10>=26,B10<29),"A6", "A7")))))) -> A3
A11: 10 | B11: 21 | C11: =IF(AND(B11>=11,B11<14),"A1", IF(AND(B11>=14,B11<17),"A2", IF(AND(B11>=17,B11<20),"A3", IF(AND(B11>=20,B11<23),"A4", IF(AND(B11>=23,B11<26),"A5", IF(AND(B11>=26,B11<29),"A6", "A7")))))) -> A4
A12: 11 | B12: 20 | C12: =IF(AND(B12>=11,B12<14),"A1", IF(AND(B12>=14,B12<17),"A2", IF(AND(B12>=17,B12<20),"A3", IF(AND(B12>=20,B12<23),"A4", IF(AND(B12>=23,B12<26),"A5", IF(AND(B12>=26,B12<29),"A6", "A7")))))) -> A4
A13: 12 | B13: 23 | C13: =IF(AND(B13>=11,B13<14),"A1", IF(AND(B13>=14,B13<17),"A2", IF(AND(B13>=17,B13<20),"A3", IF(AND(B13>=20,B13<23),"A4", IF(AND(B13>=23,B13<26),"A5", IF(AND(B13>=26,B13<29),"A6", "A7")))))) -> A5
... A61: 60 | B61: 30 | C61: =IF(AND(B61>=11,B61<14),"A1", IF(AND(B61>=14,B61<17),"A2", IF(AND(B61>=17,B61<20),"A3", IF(AND(B61>=20,B61<23),"A4", IF(AND(B61>=23,B61<26),"A5", IF(AND(B61>=26,B61<29),"A6", "A7")))))) -> A7

Sheet FLR
A1: Periode | B1: Current State | C1: Next State | D1: FLR
A2: 1 | B2: =FUZZIFIKASI!C2 -> A1 | C2: =FUZZIFIKASI!C3 -> A1 | D2: =B2&"→"&C2 -> A1→A1
A3: 2 | B3: =FUZZIFIKASI!C3 -> A1 | C3: =FUZZIFIKASI!C4 -> A1 | D3: =B3&"→"&C3 -> A1→A1
A4: 3 | B4: =FUZZIFIKASI!C4 -> A1 | C4: =FUZZIFIKASI!C5 -> A2 | D4: =B4&"→"&C4 -> A1→A2
A5: 4 | B5: =FUZZIFIKASI!C5 -> A2 | C5: =FUZZIFIKASI!C6 -> A2 | D5: =B5&"→"&C5 -> A2→A2
A6: 5 | B6: =FUZZIFIKASI!C6 -> A2 | C6: =FUZZIFIKASI!C7 -> A2 | D6: =B6&"→"&C6 -> A2→A2
A7: 6 | B7: =FUZZIFIKASI!C7 -> A2 | C7: =FUZZIFIKASI!C8 -> A3 | D7: =B7&"→"&C7 -> A2→A3
A8: 7 | B8: =FUZZIFIKASI!C8 -> A3 | C8: =FUZZIFIKASI!C9 -> A3 | D8: =B8&"→"&C8 -> A3→A3
A9: 8 | B9: =FUZZIFIKASI!C9 -> A3 | C9: =FUZZIFIKASI!C10 -> A3 | D9: =B9&"→"&C9 -> A3→A3
A10: 9 | B10: =FUZZIFIKASI!C10 -> A3 | C10: =FUZZIFIKASI!C11 -> A4 | D10: =B10&"→"&C10 -> A3→A4
A11: 10 | B11: =FUZZIFIKASI!C11 -> A4 | C11: =FUZZIFIKASI!C12 -> A4 | D11: =B11&"→"&C11 -> A4→A4
A12: 11 | B12: =FUZZIFIKASI!C12 -> A4 | C12: =FUZZIFIKASI!C13 -> A5 | D12: =B12&"→"&C12 -> A4→A5
A13: 12 | B13: =FUZZIFIKASI!C13 -> A5 | C13: =FUZZIFIKASI!C14 -> A2 | D13: =B13&"→"&C13 -> A5→A2
... A60: 59 | B60: =FUZZIFIKASI!C60 -> A6 | C60: =FUZZIFIKASI!C61 -> A7 | D60: =B60&"→"&C60 -> A6→A7

Sheet FLRG
A1: Current State | B1: Next State Group
A2: A1 | B2: A1, A2
A3: A2 | B3: A2, A3
A4: A3 | B4: A3, A4
A5: A4 | B5: A4, A5
A6: A5 | B6: A2, A5, A6
A7: A6 | B7: A2, A3, A5, A6, A7
A8: A7 | B8: A3, A6, A7

Sheet DEFUZZIFIKASI
A1: State | B1: FLRG | C1: Forecast
A2: A1 | B2: A1,A2 | C2: 14
A3: A2 | B3: A2,A3 | C3: 17
A4: A3 | B4: A3,A4 | C4: 20
A5: A4 | B5: A4,A5 | C5: 23
A6: A5 | B6: A2,A5,A6 | C6: 22.5
A7: A6 | B7: A2,A3,A5,A6,A7 | C7: 23.3
A8: A7 | B8: A3,A6,A7 | C8: 25.5

Sheet FORECAST FTS
A1: Periode | B1: Actual | C1: Fuzzy | D1: Forecast | F1: State | G1: Value | H1: Error | I1: Abs Error | J1: APE | K1: Squared Error | M1: MAPE | N1: MSE
A2: 1 | B2: 11 | C2: =IF(AND(B2>=11,B2<14),"A1", IF(AND(B2>=14,B2<17),"A2", IF(AND(B2>=17,B2<20),"A3", IF(AND(B2>=20,B2<23),"A4", IF(AND(B2>=23,B2<26),"A5", IF(AND(B2>=26,B2<29),"A6", "A7")))))) -> A1 | D2: =VLOOKUP(C2,$F$2:$G$8,2,FALSE) -> 14 | F2: A1 | G2: 14 | H2: =B2-D2 -> -3 | I2: =ABS(H2) -> 3 | J2: =(I2/B2)*100 -> 27.272727 | K2: =H2^2 -> 9 | M2: =AVERAGE(J2:J61) -> 11.436873 | N2: =AVERAGE(K2:K61) -> 7.3518333
A3: 2 | B3: 13 | C3: =IF(AND(B3>=11,B3<14),"A1", IF(AND(B3>=14,B3<17),"A2", IF(AND(B3>=17,B3<20),"A3", IF(AND(B3>=20,B3<23),"A4", IF(AND(B3>=23,B3<26),"A5", IF(AND(B3>=26,B3<29),"A6", "A7")))))) -> A1 | D3: =VLOOKUP(C3,$F$2:$G$8,2,FALSE) -> 14 | F3: A2 | G3: 17 | H3: =B3-D3 -> -1 | I3: =ABS(H3) -> 1 | J3: =(I3/B3)*100 -> 7.6923077 | K3: =H3^2 -> 1
A4: 3 | B4: 12 | C4: =IF(AND(B4>=11,B4<14),"A1", IF(AND(B4>=14,B4<17),"A2", IF(AND(B4>=17,B4<20),"A3", IF(AND(B4>=20,B4<23),"A4", IF(AND(B4>=23,B4<26),"A5", IF(AND(B4>=26,B4<29),"A6", "A7")))))) -> A1 | D4: =VLOOKUP(C4,$F$2:$G$8,2,FALSE) -> 14 | F4: A3 | G4: 20 | H4: =B4-D4 -> -2 | I4: =ABS(H4) -> 2 | J4: =(I4/B4)*100 -> 16.666667 | K4: =H4^2 -> 4
A5: 4 | B5: 15 | C5: =IF(AND(B5>=11,B5<14),"A1", IF(AND(B5>=14,B5<17),"A2", IF(AND(B5>=17,B5<20),"A3", IF(AND(B5>=20,B5<23),"A4", IF(AND(B5>=23,B5<26),"A5", IF(AND(B5>=26,B5<29),"A6", "A7")))))) -> A2 | D5: =VLOOKUP(C5,$F$2:$G$8,2,FALSE) -> 17 | F5: A4 | G5: 23 | H5: =B5-D5 -> -2 | I5: =ABS(H5) -> 2 | J5: =(I5/B5)*100 -> 13.333333 | K5: =H5^2 -> 4
A6: 5 | B6: 14 | C6: =IF(AND(B6>=11,B6<14),"A1", IF(AND(B6>=14,B6<17),"A2", IF(AND(B6>=17,B6<20),"A3", IF(AND(B6>=20,B6<23),"A4", IF(AND(B6>=23,B6<26),"A5", IF(AND(B6>=26,B6<29),"A6", "A7")))))) -> A2 | D6: =VLOOKUP(C6,$F$2:$G$8,2,FALSE) -> 17 | F6: A5 | G6: 22.5 | H6: =B6-D6 -> -3 | I6: =ABS(H6) -> 3 | J6: =(I6/B6)*100 -> 21.428571 | K6: =H6^2 -> 9
A7: 6 | B7: 16 | C7: =IF(AND(B7>=11,B7<14),"A1", IF(AND(B7>=14,B7<17),"A2", IF(AND(B7>=17,B7<20),"A3", IF(AND(B7>=20,B7<23),"A4", IF(AND(B7>=23,B7<26),"A5", IF(AND(B7>=26,B7<29),"A6", "A7")))))) -> A2 | D7: =VLOOKUP(C7,$F$2:$G$8,2,FALSE) -> 17 | F7: A6 | G7: 23.3 | H7: =B7-D7 -> -1 | I7: =ABS(H7) -> 1 | J7: =(I7/B7)*100 -> 6.25 | K7: =H7^2 -> 1
A8: 7 | B8: 18 | C8: =IF(AND(B8>=11,B8<14),"A1", IF(AND(B8>=14,B8<17),"A2", IF(AND(B8>=17,B8<20),"A3", IF(AND(B8>=20,B8<23),"A4", IF(AND(B8>=23,B8<26),"A5", IF(AND(B8>=26,B8<29),"A6", "A7")))))) -> A3 | D8: =VLOOKUP(C8,$F$2:$G$8,2,FALSE) -> 20 | F8: A7 | G8: 25.5 | H8: =B8-D8 -> -2 | I8: =ABS(H8) -> 2 | J8: =(I8/B8)*100 -> 11.111111 | K8: =H8^2 -> 4
A9: 8 | B9: 17 | C9: =IF(AND(B9>=11,B9<14),"A1", IF(AND(B9>=14,B9<17),"A2", IF(AND(B9>=17,B9<20),"A3", IF(AND(B9>=20,B9<23),"A4", IF(AND(B9>=23,B9<26),"A5", IF(AND(B9>=26,B9<29),"A6", "A7")))))) -> A3 | D9: =VLOOKUP(C9,$F$2:$G$8,2,FALSE) -> 20 | H9: =B9-D9 -> -3 | I9: =ABS(H9) -> 3 | J9: =(I9/B9)*100 -> 17.647059 | K9: =H9^2 -> 9
A10: 9 | B10: 19 | C10: =IF(AND(B10>=11,B10<14),"A1", IF(AND(B10>=14,B10<17),"A2", IF(AND(B10>=17,B10<20),"A3", IF(AND(B10>=20,B10<23),"A4", IF(AND(B10>=23,B10<26),"A5", IF(AND(B10>=26,B10<29),"A6", "A7")))))) -> A3 | D10: =VLOOKUP(C10,$F$2:$G$8,2,FALSE) -> 20 | H10: =B10-D10 -> -1 | I10: =ABS(H10) -> 1 | J10: =(I10/B10)*100 -> 5.2631579 | K10: =H10^2 -> 1
A11: 10 | B11: 21 | C11: =IF(AND(B11>=11,B11<14),"A1", IF(AND(B11>=14,B11<17),"A2", IF(AND(B11>=17,B11<20),"A3", IF(AND(B11>=20,B11<23),"A4", IF(AND(B11>=23,B11<26),"A5", IF(AND(B11>=26,B11<29),"A6", "A7")))))) -> A4 | D11: =VLOOKUP(C11,$F$2:$G$8,2,FALSE) -> 23 | H11: =B11-D11 -> -2 | I11: =ABS(H11) -> 2 | J11: =(I11/B11)*100 -> 9.5238095 | K11: =H11^2 -> 4
A12: 11 | B12: 20 | C12: =IF(AND(B12>=11,B12<14),"A1", IF(AND(B12>=14,B12<17),"A2", IF(AND(B12>=17,B12<20),"A3", IF(AND(B12>=20,B12<23),"A4", IF(AND(B12>=23,B12<26),"A5", IF(AND(B12>=26,B12<29),"A6", "A7")))))) -> A4 | D12: =VLOOKUP(C12,$F$2:$G$8,2,FALSE) -> 23 | H12: =B12-D12 -> -3 | I12: =ABS(H12) -> 3 | J12: =(I12/B12)*100 -> 15 | K12: =H12^2 -> 9
A13: 12 | B13: 23 | C13: =IF(AND(B13>=11,B13<14),"A1", IF(AND(B13>=14,B13<17),"A2", IF(AND(B13>=17,B13<20),"A3", IF(AND(B13>=20,B13<23),"A4", IF(AND(B13>=23,B13<26),"A5", IF(AND(B13>=26,B13<29),"A6", "A7")))))) -> A5 | D13: =VLOOKUP(C13,$F$2:$G$8,2,FALSE) -> 22.5 | H13: =B13-D13 -> 0.5 | I13: =ABS(H13) -> 0.5 | J13: =(I13/B13)*100 -> 2.173913 | K13: =H13^2 -> 0.25
A14: 13 | B14: 14 | C14: =IF(AND(B14>=11,B14<14),"A1", IF(AND(B14>=14,B14<17),"A2", IF(AND(B14>=17,B14<20),"A3", IF(AND(B14>=20,B14<23),"A4", IF(AND(B14>=23,B14<26),"A5", IF(AND(B14>=26,B14<29),"A6", "A7")))))) -> A2 | D14: =VLOOKUP(C14,$F$2:$G$8,2,FALSE) -> 17 | H14: =B14-D14 -> -3 | I14: =ABS(H14) -> 3 | J14: =(I14/B14)*100 -> 21.428571 | K14: =H14^2 -> 9
A15: 14 | B15: 16 | C15: =IF(AND(B15>=11,B15<14),"A1", IF(AND(B15>=14,B15<17),"A2", IF(AND(B15>=17,B15<20),"A3", IF(AND(B15>=20,B15<23),"A4", IF(AND(B15>=23,B15<26),"A5", IF(AND(B15>=26,B15<29),"A6", "A7")))))) -> A2 | D15: =VLOOKUP(C15,$F$2:$G$8,2,FALSE) -> 17 | H15: =B15-D15 -> -1 | I15: =ABS(H15) -> 1 | J15: =(I15/B15)*100 -> 6.25 | K15: =H15^2 -> 1
A16: 15 | B16: 15 | C16: =IF(AND(B16>=11,B16<14),"A1", IF(AND(B16>=14,B16<17),"A2", IF(AND(B16>=17,B16<20),"A3", IF(AND(B16>=20,B16<23),"A4", IF(AND(B16>=23,B16<26),"A5", IF(AND(B16>=26,B16<29),"A6", "A7")))))) -> A2 | D16: =VLOOKUP(C16,$F$2:$G$8,2,FALSE) -> 17 | H16: =B16-D16 -> -2 | I16: =ABS(H16) -> 2 | J16: =(I16/B16)*100 -> 13.333333 | K16: =H16^2 -> 4
A17: 16 | B17: 18 | C17: =IF(AND(B17>=11,B17<14),"A1", IF(AND(B17>=14,B17<17),"A2", IF(AND(B17>=17,B17<20),"A3", IF(AND(B17>=20,B17<23),"A4", IF(AND(B17>=23,B17<26),"A5", IF(AND(B17>=26,B17<29),"A6", "A7")))))) -> A3 | D17: =VLOOKUP(C17,$F$2:$G$8,2,FALSE) -> 20 | H17: =B17-D17 -> -2 | I17: =ABS(H17) -> 2 | J17: =(I17/B17)*100 -> 11.111111 | K17: =H17^2 -> 4
A18: 17 | B18: 17 | C18: =IF(AND(B18>=11,B18<14),"A1", IF(AND(B18>=14,B18<17),"A2", IF(AND(B18>=17,B18<20),"A3", IF(AND(B18>=20,B18<23),"A4", IF(AND(B18>=23,B18<26),"A5", IF(AND(B18>=26,B18<29),"A6", "A7")))))) -> A3 | D18: =VLOOKUP(C18,$F$2:$G$8,2,FALSE) -> 20 | H18: =B18-D18 -> -3 | I18: =ABS(H18) -> 3 | J18: =(I18/B18)*100 -> 17.647059 | K18: =H18^2 -> 9
A19: 18 | B19: 20 | C19: =IF(AND(B19>=11,B19<14),"A1", IF(AND(B19>=14,B19<17),"A2", IF(AND(B19>=17,B19<20),"A3", IF(AND(B19>=20,B19<23),"A4", IF(AND(B19>=23,B19<26),"A5", IF(AND(B19>=26,B19<29),"A6", "A7")))))) -> A4 | D19: =VLOOKUP(C19,$F$2:$G$8,2,FALSE) -> 23 | H19: =B19-D19 -> -3 | I19: =ABS(H19) -> 3 | J19: =(I19/B19)*100 -> 15 | K19: =H19^2 -> 9
A20: 19 | B20: 22 | C20: =IF(AND(B20>=11,B20<14),"A1", IF(AND(B20>=14,B20<17),"A2", IF(AND(B20>=17,B20<20),"A3", IF(AND(B20>=20,B20<23),"A4", IF(AND(B20>=23,B20<26),"A5", IF(AND(B20>=26,B20<29),"A6", "A7")))))) -> A4 | D20: =VLOOKUP(C20,$F$2:$G$8,2,FALSE) -> 23 | H20: =B20-D20 -> -1 | I20: =ABS(H20) -> 1 | J20: =(I20/B20)*100 -> 4.5454545 | K20: =H20^2 -> 1
... A61: 60 | B61: 30 | C61: =IF(AND(B61>=11,B61<14),"A1", IF(AND(B61>=14,B61<17),"A2", IF(AND(B61>=17,B61<20),"A3", IF(AND(B61>=20,B61<23),"A4", IF(AND(B61>=23,B61<26),"A5", IF(AND(B61>=26,B61<29),"A6", "A7")))))) -> A7 | D61: =VLOOKUP(C61,$F$2:$G$8,2,FALSE) -> 25.5 | H61: =B61-D61 -> 4.5 | I61: =ABS(H61) -> 4.5 | J61: =(I61/B61)*100 -> 15 | K61: =H61^2 -> 20.25
